name,id,id
,,caizicaixukun
Justin,jjjustin0219,5615627418
ũ,__,6408414755
ةة,Adam0616,5350509769
͢,Zzt-͢,2447034645
С,С-տ,DemonBoyz
,KATTO,6400912332
鳬,鳬DIDI,6400910962
ľ,ľKWIN,6400910760
,PINKRAY,6392771552
岮,岮,573300241
,BBT,2993307872
ϣ٩,ϣ٩_LXK,1622290293
Ǯ,Ǯ,317333542
,Jeffrey,5737325620
֣,֣_,2174177890
ȳ,Trainee18-ȳ,3815417506
Ȩ,LeeȨ,5836186503
忡,Trainee18-忡,6068133006
ֳ,Trainee18-ֳ,1843589160
ڱ,Binڱ,3616573893
ζ,ʷζ,RoyvesDovin
ǽ,ǽJ_zen,2963966564
ط,طRoi,277005721
峽,峽,2013783327
,Dzr_,3284676315
_,Biiiii_,6412297026
,ѽ,6420604848
˹,COSMOS-˹,sunchensiqi
,_LZ,6249902885
°,°Jack,jackhu9
,MLody,1918310471
٤,٤Curry,3084658844
,,3162919750
,lockingjack,5344337230
Monkey,MONKEY_OFFICIAL,2649141095
,COSMOS-,3756010757
ͬ,ͬNemo,6244144791
,Trainee18-,6137739218
Ӻ,ӺܸԱ,5717130383
,Zee,1832883800
Ҷ,ҶHyman,5725419131
,,3978251112
,Zony_Kai,6174856883
½,Trainee18-½,1846225514
,CATCHERS_Z,6080076574
HashtagHhr,HashtagHhr,5921187505
ŴԴ,ŴԴDarrien,2186407473
һ,CATCHERS_һ,2827086273
ī,ī_Mo,5182548840
,CNK-,5722728323
,_MJ,274537755
,Trainee18-Kai,5341528427
,Сxiah,xiahjy222
_,__LY,longnetung
,-Mark,2729905775
,CNK-RanG,1914694513
޽,MERXIC-ROGER޽,6412550410
,CNK-,6272868587
,Solo,5172429756
,LIANGHUI,1921189790
嶳,嶳KiY,2104168563
־,BBT־,2503476185
,X-TIME,6177322910
,Pb,5943325716
շ,շYiF1111,2263860665
¦̲,CNK-¦̲BOi,5661107484
,M,1777777723
Ȼ,BBTȻ,2870325572
,CATCHERS_,3886459987
ᳺ,CATCHERS_ᳺ,6085275291
,_LCY,3218663032
ïͩ,Trainee18-ïͩ,5070172775
,Terry,6415966814
ֺƿ,BBTֺƿ,2731702163
ݺ,BBTݺ,6183587779
Rapen,Rapen,2253667781
ﷲ,ﷲ_FJ,2631539943
ʥ,ʥXII,6373106226
һ,һͬ_,2287299500
__,Trainee18-__Air,6091323417
,X-TIME,6018600811
,,5733457912
μθ,MERXIC-PUROμθ,6419283265
GIGEL,GIGEL˭,3922546285
,Enki,5984696195
,Z-joe,3833794263
,X-TIME,6022339821
,MERXIC-TAKO,6418125010
ʿ,ʿͬѧ,5413488181
_,_grieveD,2801811757
ӦԽ,CATCHERS_ӦԽ,6079583982
г,Trainee18-г,6098018698
J-One,NGC_J-One,6076384881
ں,ںHook,2314247085
,_,ahan1998
Ҷϣ,X-TIMEҶϣ,6065158270
,Traple,2432092913
,MERXIC-ANPH,5876668767